{
  "view block times" : {
    "transaction" : "view block times",
    "sampleCount" : 3000,
    "errorCount" : 9,
    "errorPct" : 0.3,
    "meanResTime" : 746.7313333333329,
    "medianResTime" : 91.0,
    "minResTime" : 60.0,
    "maxResTime" : 22609.0,
    "pct1ResTime" : 1427.2000000000007,
    "pct2ResTime" : 3560.1499999999933,
    "pct3ResTime" : 11848.689999999993,
    "throughput" : 106.50383413802896,
    "receivedKBytesPerSec" : 23.108419793737575,
    "sentKBytesPerSec" : 35.489698527584494
  },
  "view available" : {
    "transaction" : "view available",
    "sampleCount" : 3000,
    "errorCount" : 12,
    "errorPct" : 0.4,
    "meanResTime" : 1125.6439999999986,
    "medianResTime" : 191.0,
    "minResTime" : 60.0,
    "maxResTime" : 26336.0,
    "pct1ResTime" : 2518.9,
    "pct2ResTime" : 7208.449999999998,
    "pct3ResTime" : 15323.689999999971,
    "throughput" : 105.81637332016508,
    "receivedKBytesPerSec" : 23.22586725335967,
    "sentKBytesPerSec" : 41.30586222708194
  },
  "view books" : {
    "transaction" : "view books",
    "sampleCount" : 3000,
    "errorCount" : 7,
    "errorPct" : 0.23333333,
    "meanResTime" : 833.5583333333342,
    "medianResTime" : 162.5,
    "minResTime" : 60.0,
    "maxResTime" : 23722.0,
    "pct1ResTime" : 1674.7000000000012,
    "pct2ResTime" : 4196.649999999995,
    "pct3ResTime" : 13276.0,
    "throughput" : 106.05203619909501,
    "receivedKBytesPerSec" : 28.82509533636171,
    "sentKBytesPerSec" : 39.397813615755794
  },
  "get services" : {
    "transaction" : "get services",
    "sampleCount" : 3000,
    "errorCount" : 11,
    "errorPct" : 0.36666667,
    "meanResTime" : 1213.5600000000009,
    "medianResTime" : 192.0,
    "minResTime" : 60.0,
    "maxResTime" : 19484.0,
    "pct1ResTime" : 2578.9,
    "pct2ResTime" : 7771.849999999985,
    "pct3ResTime" : 16221.619999999992,
    "throughput" : 116.15750958299454,
    "receivedKBytesPerSec" : 28.33660933809579,
    "sentKBytesPerSec" : 36.53044022486158
  },
  "Total" : {
    "transaction" : "Total",
    "sampleCount" : 15000,
    "errorCount" : 43,
    "errorPct" : 0.28666666,
    "meanResTime" : 1588.9410666666656,
    "medianResTime" : 202.0,
    "minResTime" : 60.0,
    "maxResTime" : 26336.0,
    "pct1ResTime" : 4901.399999999998,
    "pct2ResTime" : 9082.649999999992,
    "pct3ResTime" : 15187.98,
    "throughput" : 512.8731151913016,
    "receivedKBytesPerSec" : 130.7590041286286,
    "sentKBytesPerSec" : 173.39618967329983
  },
  "login" : {
    "transaction" : "login",
    "sampleCount" : 3000,
    "errorCount" : 4,
    "errorPct" : 0.13333334,
    "meanResTime" : 4025.211666666663,
    "medianResTime" : 1532.0,
    "minResTime" : 134.0,
    "maxResTime" : 25602.0,
    "pct1ResTime" : 15141.0,
    "pct2ResTime" : 15158.0,
    "pct3ResTime" : 16982.829999999973,
    "throughput" : 113.6880400181901,
    "receivedKBytesPerSec" : 36.67046218925269,
    "sentKBytesPerSec" : 31.93212824010914
  }
}